{
  "meta": {
    "type": "sharpsheet",
    "version": "1",
    "app": "https://github.com/cpietsch/sharpsheet"
  },
  "spritesheets": [
    {
      "image": "sprite-2048-0.jpg",
      "sprites": [
        {
          "name": "0439f49b9f18413a6c25db5ba6670427",
          "position": {
            "x": 1,
            "y": 1
          },
          "dimension": {
            "w": 211,
            "h": 224
          }
        },
        {
          "name": "224bff183ee482001cb31d7f56c5680b",
          "position": {
            "x": 214,
            "y": 1
          },
          "dimension": {
            "w": 212,
            "h": 224
          }
        },
        {
          "name": "84ad6c9f6e16221292f81cff256727ef",
          "position": {
            "x": 428,
            "y": 1
          },
          "dimension": {
            "w": 211,
            "h": 224
          }
        },
        {
          "name": "a34f1f92f887fd9331496e95eccbddc0",
          "position": {
            "x": 641,
            "y": 1
          },
          "dimension": {
            "w": 213,
            "h": 224
          }
        },
        {
          "name": "ec8e0d69531025a608bc6a2d0c4a53fb",
          "position": {
            "x": 856,
            "y": 1
          },
          "dimension": {
            "w": 213,
            "h": 224
          }
        },
        {
          "name": "8bbe23b4a5ae298c01cb76940ee2315e",
          "position": {
            "x": 1071,
            "y": 1
          },
          "dimension": {
            "w": 224,
            "h": 212
          }
        },
        {
          "name": "69a11c262d135450038ac3a0c33d58b7",
          "position": {
            "x": 1297,
            "y": 1
          },
          "dimension": {
            "w": 224,
            "h": 161
          }
        }
      ]
    }
  ]
}